ccs2_001.jpeg,ccs2
ccs2_002.jpeg,ccs2
ccs2_003.jpeg,ccs2
ccs2_004.jpeg,ccs2
ccs2_005.jpeg,ccs2
ccs2_006.jpeg,ccs2
ccs2_007.jpeg,ccs2
ccs2_008.jpeg,ccs2
ccs2_009.jpeg,ccs2
ccs2_010.jpeg,ccs2
ccs2_011.jpeg,ccs2
ccs2_012.jpeg,ccs2
ccs2_013.jpeg,ccs2
ccs2_014.jpeg,ccs2
ccs2_015.jpeg,ccs2
ccs2_016.jpeg,ccs2
ccs2_017.jpeg,ccs2
ccs2_018.jpeg,ccs2
ccs2_019.jpeg,ccs2
ccs2_020.jpeg,ccs2
ccs2_021.jpeg,ccs2
ccs2_022.jpeg,ccs2
ccs2_023.jpeg,ccs2
ccs2_024.jpeg,ccs2
ccs2_025.jpeg,ccs2
ccs2_026.jpeg,ccs2
ccs2_027.jpeg,ccs2
ccs2_028.jpeg,ccs2
ccs2_029.jpeg,ccs2
ccs2_030.jpeg,ccs2
ccs2_031.jpeg,ccs2
ccs2_032.jpeg,ccs2
ccs2_033.jpeg,ccs2
ccs2_034.jpeg,ccs2
ccs2_035.jpeg,ccs2
ccs2_036.jpeg,ccs2
ccs2_037.jpeg,ccs2
ccs2_038.jpeg,ccs2
ccs2_039.jpeg,ccs2
ccs2_040.jpeg,ccs2
ccs2_041.jpeg,ccs2
ccs2_042.jpeg,ccs2
ccs2_043.jpeg,ccs2
ccs2_044.jpeg,ccs2
ccs2_045.jpeg,ccs2
ccs2_046.jpeg,ccs2
ccs2_047.jpeg,ccs2
ccs2_048.jpeg,ccs2
ccs2_049.jpeg,ccs2
ccs2_050.jpeg,ccs2
ccs2_051.jpeg,ccs2
ccs2_052.jpeg,ccs2
ccs2_053.jpeg,ccs2
ccs2_054.jpeg,ccs2
ccs2_055.jpeg,ccs2
ccs2_056.jpeg,ccs2
ccs2_057.jpeg,ccs2
ccs2_058.jpeg,ccs2
ccs2_059.jpeg,ccs2
ccs2_060.jpeg,ccs2
type2_001.jpeg,type2
type2_002.jpeg,type2
type2_003.jpeg,type2
type2_004.jpeg,type2
type2_005.jpeg,type2
type2_006.jpeg,type2
type2_007.jpeg,type2
type2_008.jpeg,type2
type2_009.jpeg,type2
type2_010.jpeg,type2
type2_011.jpeg,type2
type2_012.jpeg,type2
type2_013.jpeg,type2
type2_014.jpeg,type2
type2_015.jpeg,type2
type2_016.jpeg,type2
type2_017.jpg,type2
type2_018.jpg,type2
type2_019.jpeg,type2
type2_020.jpeg,type2
type2_021.jpeg,type2
type2_022.jpeg,type2
type2_023.jpeg,type2
type2_024.jpeg,type2
type2_025.jpeg,type2
type2_026.jpeg,type2
type2_027.jpeg,type2
type2_028.jpeg,type2
type2_029.jpeg,type2
type2_030.jpeg,type2
type2_031.jpeg,type2
type2_032.jpeg,type2
type2_033.jpeg,type2
type2_034.jpeg,type2
type2_035.jpeg,type2
type2_036.jpeg,type2
type2_037.jpeg,type2
type2_038.jpeg,type2
type2_039.jpeg,type2
type2_040.jpeg,type2
type2_041.jpeg,type2
type2_042.jpeg,type2
type2_043.jpeg,type2
type2_044.jpeg,type2
type2_045.jpeg,type2
type2_046.jpeg,type2
type2_047.jpeg,type2
type2_048.jpeg,type2
type2_049.jpeg,type2
type2_050.jpeg,type2
type2_051.jpeg,type2
type2_052.jpeg,type2
type2_053.jpeg,type2
type2_054.jpeg,type2
type2_055.jpeg,type2
type2_056.jpeg,type2
type2_057.jpeg,type2
type2_058.jpeg,type2
type2_059.jpeg,type2
type2_060.jpeg,type2